Term,Score
love,3.0668834923026282
like,1.7179618088624427
